Amendements	Lien	Auteurs	Objet	Sort	Mise à jour	Type	Examen
I-CF69	https://www.assemblee-nationale.fr/dyn/opendata/AMANR5L17PO59048B3210P1D1N000069.pdf	Castellani (LIOT)	Supprime le taux de 5 % applicable à la fraction des dépenses de recherche supérieure à 100 millions d'euros et plafonne le montant du CIR à 30 millions d'euros par entreprise. Le plafond est porté à 50 millions d'euros pour les exploitations situées dans un département d'outre-mer, à 60 millions d'euros pour les dépenses d'innovation (k du II) qui y sont exposées, et à 35 ou 40 millions d'euros pour les moyennes et les petites entreprises de Corse. L'exposé invoque la rationalisation d'une dépense fiscale estimée à environ 7 milliards d'euros par an.	Tombé	11 octobre 2026 à 03 h 07	amendement	Commission
I-CF83	https://www.assemblee-nationale.fr/dyn/opendata/AMANR5L17PO59048B3210P1D1N000083.pdf	Castellani (LIOT)	Abaisse de 100 à 75 millions d'euros le montant de dépenses de recherche jusqu'auquel s'applique le taux de 30 % et exclut de l'assiette les dépenses de veille technologique. L'exposé entend concentrer le soutien public sur les entreprises dont les dépenses de recherche sont les plus modestes.	Tombé	11 octobre 2026 à 03 h 07	amendement	Commission
I-CF136	https://www.assemblee-nationale.fr/dyn/opendata/AMANR5L17PO59048B3210P1D1N000136.pdf	Écologiste et Social	Subordonne le bénéfice du CIR, pendant les dix années suivant l'exercice au titre duquel il a été perçu, à l'absence de transfert à l'étranger des activités de recherche ou de production liées aux projets financés et à l'absence de cessation substantielle d'activité en France (fermeture d'établissement ou licenciement de plus d'un tiers des effectifs d'un site). En cas de manquement, l'entreprise rembourse la totalité du crédit perçu durant la période.	Adopté	11 octobre 2026 à 03 h 07	amendement	Commission
I-CF172	https://www.assemblee-nationale.fr/dyn/opendata/AMANR5L17PO59048B3210P1D1N000172.pdf	Écologiste et Social	Subordonne, dans les entreprises de plus de 500 salariés, l'attribution du CIR à un avis conforme et motivé du comité social et économique, saisi d'office avant la demande de l'entreprise. Un décret en Conseil d'État fixe les critères sur lesquels cet avis est rendu.	À discuter	11 octobre 2026 à 03 h 07	amendement	Commission
I-CF260	https://www.assemblee-nationale.fr/dyn/opendata/AMANR5L17PO59048B3210P1D1N000260.pdf	Socialistes et apparentés	Exclut du bénéfice du CIR les entreprises du secteur financier et du secteur de l'assurance. L'exposé entend mieux cibler les secteurs éligibles et contribuer au redressement des finances publiques.	Rejeté	11 octobre 2026 à 03 h 07	amendement	Commission
I-CF269	https://www.assemblee-nationale.fr/dyn/opendata/AMANR5L17PO59048B3210P1D1N000269.pdf	Socialistes et apparentés	Supprime le taux de 5 % applicable à la fraction des dépenses de recherche supérieure à 100 millions d'euros, de sorte que seul subsiste le taux de 30 % jusqu'à ce montant. L'exposé relève le faible effet incitatif de cette tranche et sa concentration sur les grandes entreprises.	Tombé	11 octobre 2026 à 03 h 07	amendement	Commission
I-CF363	https://www.assemblee-nationale.fr/dyn/opendata/AMANR5L17PO59048B3210P1D1N000363.pdf	Socialistes et apparentés	Recentre l'assiette du CIR en excluant les dotations aux amortissements des immeubles et en supprimant le c du II relatif aux autres dépenses de fonctionnement. L'exposé chiffre le gain attendu à 1,77 milliard d'euros.	À discuter	11 octobre 2026 à 03 h 07	amendement	Commission
I-CF369	https://www.assemblee-nationale.fr/dyn/opendata/AMANR5L17PO59048B3210P1D1N000369.pdf	Socialistes et apparentés	Remplace les taux actuels par un barème dégressif (50 % jusqu'à 300 000 euros de dépenses, 30 % jusqu'à 1 million, 20 % jusqu'à 20 millions, 10 % jusqu'à 50 millions et 5 % jusqu'à 100 millions d'euros), apprécie ces seuils au niveau du groupe fiscalement intégré et exclut les immeubles de l'assiette. La mesure s'applique aux dépenses exposées à compter du 1er janvier 2027. L'exposé entend rééquilibrer le CIR au profit des TPE et des PME.	Adopté	11 octobre 2026 à 03 h 07	amendement	Commission
I-CF393	https://www.assemblee-nationale.fr/dyn/opendata/AMANR5L17PO59048B3210P1D1N000393.pdf	Socialistes et apparentés	Abaisse de 100 à 20 millions d'euros le plafond de dépenses de recherche ouvrant droit au taux de 30 % et supprime le taux de 5 % applicable au-delà, pour les dépenses exposées à compter du 1er janvier 2027. L'exposé entend recentrer le dispositif sur les TPE et les PME et évalue le rendement à au moins 1,7 milliard d'euros.	Tombé	11 octobre 2026 à 03 h 07	amendement	Commission
I-CF423	https://www.assemblee-nationale.fr/dyn/opendata/AMANR5L17PO59048B3210P1D1N000423.pdf	Masséglia (Ensemble pour la République)	Proroge du 31 décembre 2027 au 31 décembre 2029 la prise en compte dans le CIR des dépenses de nouvelles collections des entreprises du secteur textile-habillement-cuir (crédit d'impôt collection, h et i du II). L'exposé entend donner à la filière une visibilité suffisante pour ses investissements.	Rejeté	11 octobre 2026 à 03 h 07	amendement	Commission
I-CF424	https://www.assemblee-nationale.fr/dyn/opendata/AMANR5L17PO59048B3210P1D1N000424.pdf	Masséglia (Ensemble pour la République)	Proroge du 31 décembre 2027 au 31 décembre 2030 la prise en compte dans le CIR des dépenses de nouvelles collections des entreprises du secteur textile-habillement-cuir (crédit d'impôt collection, h et i du II). L'amendement est la variante à 2030 de l'amendement I-CF423.	Rejeté	11 octobre 2026 à 03 h 07	amendement	Commission
I-CF717	https://www.assemblee-nationale.fr/dyn/opendata/AMANR5L17PO59048B3210P1D1N000717.pdf	La France insoumise - NFP	Subordonne, pour les entreprises soumises à la déclaration de performance extra-financière, le bénéfice du CIR, des subventions publiques, des garanties de prêts, des garanties publiques à l'exportation et des participations financières de l'État à l'engagement de limiter à deux rangs la sous-traitance internationale.	Irrecevable (article 40)	11 octobre 2026 à 03 h 07	amendement	Commission
I-CF859	https://www.assemblee-nationale.fr/dyn/opendata/AMANR5L17PO59048B3210P1D1N000859.pdf	La France insoumise - NFP	Crée un article 244 quater A bis qui subordonne le bénéfice de quinze crédits d'impôt, dont le CIR, à l'absence de distribution de dividendes, de constitution de réserves de distribution et de rachat d'actions au cours des exercices où l'entreprise procède à des licenciements économiques. La règle vise les sociétés dont le chiffre d'affaires excède 100 millions d'euros. Le manquement est sanctionné par une somme égale au crédit d'impôt, majorée de 10 %. L'exposé présente l'amendement comme un amendement d'appel.	Rejeté	11 octobre 2026 à 03 h 07	amendement	Commission
I-CF860	https://www.assemblee-nationale.fr/dyn/opendata/AMANR5L17PO59048B3210P1D1N000860.pdf	La France insoumise - NFP	Crée un article 244 quater A bis qui subordonne, pour les entreprises relevant de la directive (UE) 2022/2464, le bénéfice de quinze crédits d'impôt, dont le CIR, à l'absence de licenciements économiques lorsque l'entreprise réalise des bénéfices et à l'absence de licenciement pour motif personnel ou sans cause réelle et sérieuse. Le manquement est sanctionné par une somme égale au crédit d'impôt, majorée de 10 %.	Rejeté	11 octobre 2026 à 03 h 07	amendement	Commission
I-CF864	https://www.assemblee-nationale.fr/dyn/opendata/AMANR5L17PO59048B3210P1D1N000864.pdf	La France insoumise - NFP	Abaisse de 100 à 50 millions d'euros le plafond de dépenses de recherche ouvrant droit au taux de 30 %, supprime le taux de 5 % applicable au-delà, apprécie ce plafond au niveau du groupe fiscalement intégré et exclut les immeubles de l'assiette. La mesure s'applique aux dépenses exposées à compter du 1er janvier 2027. L'exposé présente l'amendement comme un amendement de repli.	Tombé	11 octobre 2026 à 03 h 07	amendement	Commission
I-CF865	https://www.assemblee-nationale.fr/dyn/opendata/AMANR5L17PO59048B3210P1D1N000865.pdf	La France insoumise - NFP	Apprécie le seuil de 100 millions d'euros au niveau du groupe, entendu comme l'ensemble des entreprises liées par un contrôle au sens de l'article L. 233-3 du code de commerce. Lorsque les dépenses de recherche cumulées du groupe excèdent ce seuil, le taux de 30 % ne s'applique à chaque entreprise que sur une fraction de ses dépenses, calculée au prorata. L'exposé vise la répartition des dépenses entre filiales, qui multiplie le bénéfice du taux de 30 %.	Tombé	11 octobre 2026 à 03 h 07	amendement	Commission
I-CF866	https://www.assemblee-nationale.fr/dyn/opendata/AMANR5L17PO59048B3210P1D1N000866.pdf	La France insoumise - NFP	Impose à la société bénéficiaire du CIR l'engagement de ne pas transférer ses activités à l'étranger pendant dix ans. À défaut, elle rembourse le crédit perçu, assorti d'une pénalité égale à ce crédit, minorée de 10 % par année d'activité sur le territoire national depuis sa perception.	Tombé	11 octobre 2026 à 03 h 07	amendement	Commission
I-CF867	https://www.assemblee-nationale.fr/dyn/opendata/AMANR5L17PO59048B3210P1D1N000867.pdf	La France insoumise - NFP	Impose à la société bénéficiaire du CIR l'engagement de ne pas réduire ses dépenses de personnel de recherche pendant deux ans. À défaut, elle rembourse le crédit perçu, assorti d'une pénalité d'un montant équivalent.	Tombé	11 octobre 2026 à 03 h 07	amendement	Commission
I-CF868	https://www.assemblee-nationale.fr/dyn/opendata/AMANR5L17PO59048B3210P1D1N000868.pdf	La France insoumise - NFP	Impose à la société bénéficiaire du CIR l'engagement de maintenir ses effectifs de recherche. À défaut, elle rembourse le crédit d'impôt perçu.	Tombé	11 octobre 2026 à 03 h 07	amendement	Commission
I-CF908	https://www.assemblee-nationale.fr/dyn/opendata/AMANR5L17PO59048B3210P1D1N000908.pdf	Socialistes et apparentés	Impose à la société bénéficiaire du CIR l'engagement de ne procéder en France à aucune cessation substantielle d'activité (fermeture d'établissement ou licenciement de plus d'un tiers des effectifs d'un site). L'engagement ne vaut que si l'entreprise ou sa société mère a constitué des réserves ou dégagé un résultat net ou d'exploitation positif au cours des deux derniers exercices. En cas de manquement, l'État peut suspendre le versement et exiger le remboursement du crédit, assorti d'une pénalité d'un montant équivalent.	Tombé	11 octobre 2026 à 03 h 07	amendement	Commission
I-CF1058	https://www.assemblee-nationale.fr/dyn/opendata/AMANR5L17PO59048B3210P1D1N001058.pdf	Ensemble pour la République	Prévoit, à compter du 1er janvier 2027, le versement du CIR des jeunes entreprises innovantes en deux fois, avec un premier versement anticipé à mi-année, calculé sur les dépenses de recherche de l'année précédente, puis un solde l'année suivante. L'exposé présente la mesure comme un « CIR à la source », destiné à soulager la trésorerie des jeunes entreprises.	Rejeté	11 octobre 2026 à 03 h 07	amendement	Commission
I-CF1059	https://www.assemblee-nationale.fr/dyn/opendata/AMANR5L17PO59048B3210P1D1N001059.pdf	Ensemble pour la République	Ajoute à l'assiette du CIR les dépenses en moteurs de calcul GPU et CPU. L'exposé y voit un crédit d'impôt innovation pour l'intelligence artificielle, destiné à soutenir l'écosystème français du secteur.	À discuter	11 octobre 2026 à 03 h 07	amendement	Commission
I-CF1074	https://www.assemblee-nationale.fr/dyn/opendata/AMANR5L17PO59048B3210P1D1N001074.pdf	Non inscrits	Apprécie, pour les sociétés membres d'un groupe fiscalement intégré, le seuil de 100 millions d'euros au niveau du groupe et le répartit entre les sociétés au prorata de leurs dépenses de recherche. L'exposé précise que le CIR reste inchangé pour les PME, les ETI et les entreprises indépendantes.	Non soutenu	11 octobre 2026 à 03 h 07	amendement	Commission
I-CF1075	https://www.assemblee-nationale.fr/dyn/opendata/AMANR5L17PO59048B3210P1D1N001075.pdf	Non inscrits	Exclut du bénéfice du CIR les entreprises du secteur financier, au sens de la nomenclature des activités françaises de l'Insee. L'exposé indique que ce secteur représente environ 1,5 % des dépenses de CIR.	Non soutenu	11 octobre 2026 à 03 h 07	amendement	Commission
I-CF1078	https://www.assemblee-nationale.fr/dyn/opendata/AMANR5L17PO59048B3210P1D1N001078.pdf	Non inscrits	Abaisse de 100 à 50 millions d'euros le montant de dépenses de recherche ouvrant droit au taux de 30 %, supprime le taux de 5 % applicable au-delà, apprécie ce seuil au niveau du groupe fiscalement intégré, avec répartition au prorata des dépenses de chaque société, et exclut les immeubles de l'assiette.	Tombé	11 octobre 2026 à 03 h 07	amendement	Commission
I-CF1094	https://www.assemblee-nationale.fr/dyn/opendata/AMANR5L17PO59048B3210P1D1N001094.pdf	Droite Républicaine	Rend éligibles au CIR les dépenses de recherche directement liées aux méthodes alternatives à l'utilisation d'animaux vivants (nouveau e ter du II) et prévoit un taux de 50 %. Sur ce second point, le dispositif vise les dépenses « mentionnées au l du II », alors que l'exposé destine ce taux aux méthodes alternatives.	Tombé	11 octobre 2026 à 03 h 07	amendement	Commission
I-CF1189	https://www.assemblee-nationale.fr/dyn/opendata/AMANR5L17PO59048B3210P1D1N001189.pdf	Rassemblement National	Impose aux sociétés qui délocalisent volontairement tout ou partie de leur activité à l'étranger, avec fermeture ou forte réduction de sites en France et diminution de l'emploi, le remboursement du CIR perçu au titre des trois exercices précédents et les prive du dispositif pendant trois ans. La mesure vise les délocalisations intervenues à compter du 1er janvier 2024 et s'étend aux filiales et à la société mère.	Rejeté	11 octobre 2026 à 03 h 07	amendement	Commission
I-CF1381	https://www.assemblee-nationale.fr/dyn/opendata/AMANR5L17PO59048B3210P1D1N001381.pdf	La France insoumise - NFP	Supprime le CIR en abrogeant les articles 199 ter B, 220 B et 244 quater B du CGI, dès la publication de la loi. L'exposé présente l'amendement comme un amendement d'appel, destiné à réorienter les sommes vers la recherche publique.	Rejeté	11 octobre 2026 à 03 h 07	amendement	Commission
I-CF1383	https://www.assemblee-nationale.fr/dyn/opendata/AMANR5L17PO59048B3210P1D1N001383.pdf	La France insoumise - NFP	Abaisse de 100 à 20 millions d'euros le montant de dépenses de recherche jusqu'auquel s'applique le taux de 30 %, dans la limite de 350 millions d'euros par groupe fiscalement intégré, pour les dépenses exposées à compter du 1er janvier 2027. L'exposé mentionne en outre la suppression du taux de 5 % et l'exclusion de l'immobilier, que le dispositif ne reprend pas.	Tombé	11 octobre 2026 à 03 h 07	amendement	Commission
I-CF1567	https://www.assemblee-nationale.fr/dyn/opendata/AMANR5L17PO59048B3210P1D1N001567.pdf	Ensemble pour la République	Rétablit le dispositif « jeunes docteurs ». Les dépenses de personnel afférentes aux titulaires d'un doctorat sont retenues pour 230 % de leur montant pendant les vingt-quatre mois suivant leur premier recrutement, à condition que le contrat soit à durée indéterminée et que l'effectif de recherche ne soit pas inférieur à celui de l'année précédente. La mesure s'applique aux dépenses exposées à compter du 1er janvier 2027.	Adopté	11 octobre 2026 à 03 h 07	amendement	Commission
I-CF1575	https://www.assemblee-nationale.fr/dyn/opendata/AMANR5L17PO59048B3210P1D1N001575.pdf	Ensemble pour la République	Ouvre le crédit d'impôt innovation (k du II de l'article 244 quater B) aux entreprises de taille intermédiaire, dans le respect du règlement européen de minimis, pour les dépenses exposées à compter du 1er janvier 2027. L'exposé entend supprimer l'effet de seuil que subit l'entreprise qui dépasse 250 salariés.	Rejeté	11 octobre 2026 à 03 h 07	amendement	Commission
I-CF1700	https://www.assemblee-nationale.fr/dyn/opendata/AMANR5L17PO59048B3210P1D1N001700.pdf	LIOT	Supprime le taux de 5 % applicable à la fraction des dépenses de recherche supérieure à 100 millions d'euros, pour les dépenses exposées à compter du 1er janvier 2027.	Tombé	11 octobre 2026 à 03 h 07	amendement	Commission
I-CF1748	https://www.assemblee-nationale.fr/dyn/opendata/AMANR5L17PO59048B3210P1D1N001748.pdf	Les Démocrates	Exclut du CIR les établissements de crédit, les sociétés de financement, les entreprises d'investissement, les sociétés de gestion de portefeuille, les entreprises d'assurance et de réassurance, les mutuelles, les institutions de prévoyance et les établissements de paiement et de monnaie électronique. L'exclusion s'étend aux sociétés et groupements qu'ils contrôlent et qui réalisent avec eux plus de la moitié de leur chiffre d'affaires. La mesure s'applique aux dépenses exposées à compter du 1er janvier 2027.	À discuter	11 octobre 2026 à 03 h 07	amendement	Commission
I-CF1800	https://www.assemblee-nationale.fr/dyn/opendata/AMANR5L17PO59048B3210P1D1N001800.pdf	Socialistes et apparentés	Institue une reprise du CIR lorsqu'une entreprise transfère tout ou partie d'une activité de recherche hors de l'Union européenne et de l'Espace économique européen et que ce transfert s'accompagne d'une cessation ou d'une réduction correspondante de l'activité dans ce périmètre. La reprise porte sur les crédits des trois années civiles précédant le transfert, à proportion de l'activité déplacée. La seule cession d'un droit de propriété intellectuelle ne constitue pas un transfert.	Rejeté	11 octobre 2026 à 03 h 07	amendement	Commission
I-CF1835	https://www.assemblee-nationale.fr/dyn/opendata/AMANR5L17PO59048B3210P1D1N001835.pdf	Gauche Démocrate et Républicaine	Prive du CIR toute entreprise qui a rompu, de sa propre initiative, le contrat de travail d'un chercheur ou d'un technicien de recherche affecté aux opérations de recherche et de développement dans les douze mois précédant la déclaration du crédit.	Tombé	11 octobre 2026 à 03 h 07	amendement	Commission
I-CF1836	https://www.assemblee-nationale.fr/dyn/opendata/AMANR5L17PO59048B3210P1D1N001836.pdf	Gauche Démocrate et Républicaine	Abaisse de 100 à 50 millions d'euros le montant de dépenses de recherche ouvrant droit au taux de 30 % et supprime le taux de 5 % applicable au-delà, pour les dépenses exposées à compter du 1er janvier 2027. L'exposé entend recentrer le dispositif sur les TPE et les PME.	Tombé	11 octobre 2026 à 03 h 07	amendement	Commission
I-CF1837	https://www.assemblee-nationale.fr/dyn/opendata/AMANR5L17PO59048B3210P1D1N001837.pdf	Gauche Démocrate et Républicaine	Apprécie le plafond de 100 millions d'euros au niveau du groupe fiscalement intégré, pour les dépenses exposées à compter du 1er janvier 2027. L'exposé vise la multiplication du bénéfice du taux de 30 % entre les filiales d'un même groupe.	Tombé	11 octobre 2026 à 03 h 07	amendement	Commission
I-467	https://www.assemblee-nationale.fr/dyn/opendata/AMANR5L17PO838901B3210P1D1N000467.pdf	Horizons & Indépendants	Relève à 35 % le taux du CIR pour dépenses de R&D contribuant aux objectifs environnementaux ou technologies « zéro net » et abaisse de 5 % à 2 % le taux applicable à la fraction des dépenses supérieure au seuil visé; application au 01/01/2026.	En traitement	11 octobre 2026 à 03 h 07	amendement	Séance
I-608	https://www.assemblee-nationale.fr/dyn/opendata/AMANR5L17PO838901B3210P1D1N000608.pdf	Houlié (Socialistes et apparentés)	Supprime le taux de 5 % applicable à la fraction des dépenses de R&D excédant 100 M€, application aux dépenses exposées à compter du 01/01/2027.	En traitement	11 octobre 2026 à 03 h 07	amendement	Séance
I-1025	https://www.assemblee-nationale.fr/dyn/opendata/AMANR5L17PO838901B3210P1D1N001025.pdf	La France insoumise - NFP	Subordonne le bénéfice du crédit d'impôt aux entreprises soumises à la déclaration de performance extra‑financière à l'engagement de limiter la sous‑traitance internationale à deux rangs.	En traitement	11 octobre 2026 à 03 h 07	amendement	Séance
I-1198	https://www.assemblee-nationale.fr/dyn/opendata/AMANR5L17PO838901B3210P1D1N001198.pdf	Écologiste et Social	Modifie le CIR (art.244 quater B) : dans les entreprises de plus de 500 salariés, subordonne l'attribution du crédit d'impôt à un avis conforme et motivé du CSE, saisi d'office, selon critères par décret. Identique à l’amendement I-CF172.	En traitement	11 octobre 2026 à 03 h 07	amendement	Séance
I-1274	https://www.assemblee-nationale.fr/dyn/opendata/AMANR5L17PO838901B3210P1D1N001274.pdf	Écologiste et Social	Conditionne le bénéfice du CIR au maintien pendant 10 ans des activités liées aux projets (pas de transfert à l'étranger et pas de cessation substantielle d'activité) et impose le remboursement en cas de manquement. Identique à l’amendement I-CF136.	En traitement	11 octobre 2026 à 03 h 07	amendement	Séance
I-1340	https://www.assemblee-nationale.fr/dyn/opendata/AMANR5L17PO838901B3210P1D1N001340.pdf	Droite Républicaine	Modifie l'art. 244 quater B: porte le premier taux à 50 % pour les dépenses visées au l) du II et ajoute l'éligibilité des dépenses de R&D liées aux méthodes alternatives à l'utilisation d'animaux. Identique à l’amendement I-CF1094.	En traitement	11 octobre 2026 à 03 h 07	amendement	Séance
I-1357	https://www.assemblee-nationale.fr/dyn/opendata/AMANR5L17PO838901B3210P1D1N001357.pdf	Socialistes et apparentés	Supprime la prise en compte des immeubles acquis ou achevés avant le 1er janvier 1991 dans la disposition et abroge le c).	En traitement	11 octobre 2026 à 03 h 07	amendement	Séance
I-1368	https://www.assemblee-nationale.fr/dyn/opendata/AMANR5L17PO838901B3210P1D1N001368.pdf	Socialistes et apparentés	Abaisse le plafond de dépenses éligibles au dispositif R&D de 100 M€ à 20 M€ et supprime la tranche à 5%; applic. aux dépenses exposées à compter du 01/01/2027.	En traitement	11 octobre 2026 à 03 h 07	amendement	Séance
I-1396	https://www.assemblee-nationale.fr/dyn/opendata/AMANR5L17PO838901B3210P1D1N001396.pdf	Ensemble pour la République	Modifie le versement du CIR : paiement en deux versements dès 01/01/2027, acompte mi‑année sur dépenses N‑1 et solde l’année suivante sur dépenses N moins acompte.	En traitement	11 octobre 2026 à 03 h 07	amendement	Séance
I-1397	https://www.assemblee-nationale.fr/dyn/opendata/AMANR5L17PO838901B3210P1D1N001397.pdf	Ensemble pour la République	Étend l'assiette du crédit d'impôt aux dépenses en moteurs de calcul GPU et CPU; application limitée aux sommes venant en déduction de l'impôt.	En traitement	11 octobre 2026 à 03 h 07	amendement	Séance
I-1402	https://www.assemblee-nationale.fr/dyn/opendata/AMANR5L17PO838901B3210P1D1N001402.pdf	Socialistes et apparentés	Modifie le CIR : institue un barème dégressif de taux selon tranches de dépenses (50% <300k → 5% 50M-100M), majorations DOM, appréciation des seuils au niveau du groupe et suppression d'une condition liée au permis.	En traitement	11 octobre 2026 à 03 h 07	amendement	Séance
I-1418	https://www.assemblee-nationale.fr/dyn/opendata/AMANR5L17PO838901B3210P1D1N001418.pdf	Non inscrits	Modifie l'appréciation du seuil de 100 M€ du taux réduit du CIR pour groupes intégrés : seuil apprécié au niveau du groupe et réparti au prorata des dépenses de chaque société. Identique à l’amendement I-CF1074.	En traitement	11 octobre 2026 à 03 h 07	amendement	Séance
I-1419	https://www.assemblee-nationale.fr/dyn/opendata/AMANR5L17PO838901B3210P1D1N001419.pdf	Non inscrits	Exclut les entreprises du secteur financier du bénéfice du crédit d’impôt recherche (art. 244 quater B).	En traitement	11 octobre 2026 à 03 h 07	amendement	Séance
I-1420	https://www.assemblee-nationale.fr/dyn/opendata/AMANR5L17PO838901B3210P1D1N001420.pdf	Non inscrits	Abaisse le seuil de 100 M€ à 50 M€ ouvrant droit au taux majoré du CIR, apprécie ce seuil au niveau du groupe et exclut l'amortissement des immeubles de l'assiette.	En traitement	11 octobre 2026 à 03 h 07	amendement	Séance
I-1507	https://www.assemblee-nationale.fr/dyn/opendata/AMANR5L17PO838901B3210P1D1N001507.pdf	La France insoumise - NFP	Subordonne le bénéfice des crédits d'impôt listés à l'absence de constitution de réserves distributables, de distribution de dividendes ou de rachats d'actions en cas de licenciements économiques, pour sociétés CA>100 M€ ; sanction = montant du crédit majoré de 10 %.	En traitement	11 octobre 2026 à 03 h 07	amendement	Séance
I-1510	https://www.assemblee-nationale.fr/dyn/opendata/AMANR5L17PO838901B3210P1D1N001510.pdf	La France insoumise - NFP	Conditionne le bénéfice des crédits d'impôt listés (244 quater B et autres) pour entreprises soumises à déclaration extra‑financière à l'absence de licenciements économiques et individuels; manquement = sanction = crédit +10 %.	En traitement	11 octobre 2026 à 03 h 07	amendement	Séance
I-1722	https://www.assemblee-nationale.fr/dyn/opendata/AMANR5L17PO838901B3210P1D1N001722.pdf	Castellani (LIOT)	Modifie le CIR (art.244 quater B) : supprime la tranche à 5 % et plafonne le crédit à 30 M€ (50 M€ DOM, 60 M€ pour dépenses visées au k du II en DOM, 35 M€ moyennes entreprises, 40 M€ petites en Corse).	En traitement	11 octobre 2026 à 03 h 07	amendement	Séance
I-1845	https://www.assemblee-nationale.fr/dyn/opendata/AMANR5L17PO838901B3210P1D1N001845.pdf	Socialistes et apparentés	Exclut les entreprises des secteurs financier et assurance du bénéfice du crédit d'impôt recherche. Identique à l’amendement I-CF260.	En traitement	11 octobre 2026 à 03 h 07	amendement	Séance
I-1866	https://www.assemblee-nationale.fr/dyn/opendata/AMANR5L17PO838901B3210P1D1N001866.pdf	Socialistes et apparentés	Supprime le taux de 5 % du CIR pour la fraction des dépenses de R&D supérieure à 100 M€ et homogénéise le taux applicable. Identique à l’amendement I-CF269.	En traitement	11 octobre 2026 à 03 h 07	amendement	Séance
I-1914	https://www.assemblee-nationale.fr/dyn/opendata/AMANR5L17PO838901B3210P1D1N001914.pdf	Ensemble pour la République	Restreint la qualification de subventions publiques pour l'assiette du CIR : seules le sont les aides des personnes morales de droit privé chargées d'une mission de SP, accordées dans le cadre de cette mission et à proportion de la part financée par ressources publiques, applicables aux dépenses exposées à compter du 01/01/2027.	En traitement	11 octobre 2026 à 03 h 07	amendement	Séance
I-1946	https://www.assemblee-nationale.fr/dyn/opendata/AMANR5L17PO838901B3210P1D1N001946.pdf	Castellani (LIOT)	Abaisse le seuil de la tranche majorée du CIR de 100 M€ à 75 M€ et exclut les dépenses de veille technologique du périmètre du crédit d'impôt. Identique à l’amendement I-CF83.	En traitement	11 octobre 2026 à 03 h 07	amendement	Séance
I-2135	https://www.assemblee-nationale.fr/dyn/opendata/AMANR5L17PO838901B3210P1D1N002135.pdf	Davi (Écologiste et Social)	Abroge les articles 199 ter B et 244 quater B du CGI.	En traitement	11 octobre 2026 à 03 h 07	amendement	Séance
I-2250	https://www.assemblee-nationale.fr/dyn/opendata/AMANR5L17PO838901B3210P1D1N002250.pdf	Rixain (Ensemble pour la République)	Restreint le bénéfice du crédit d’impôt recherche en le subordonnant au respect des articles L.1142‑8 et L.1142‑11 du code du travail.	En traitement	11 octobre 2026 à 03 h 07	amendement	Séance
I-2464	https://www.assemblee-nationale.fr/dyn/opendata/AMANR5L17PO838901B3210P1D1N002464.pdf	La France insoumise - NFP	Supprime les articles 199 ter B, 220 B et 244 quater B du CGI. Identique à l’amendement I-CF1381.	En traitement	11 octobre 2026 à 03 h 07	amendement	Séance
I-2468	https://www.assemblee-nationale.fr/dyn/opendata/AMANR5L17PO838901B3210P1D1N002468.pdf	La France insoumise - NFP	Abaisse le plafond éligible au taux de 30 % du CIR de 100 M€ à 50 M€, apprécie ce seuil au niveau du groupe et exclut l'immobilier des dépenses éligibles (app. 01/01/2027).	En traitement	11 octobre 2026 à 03 h 07	amendement	Séance
I-2469	https://www.assemblee-nationale.fr/dyn/opendata/AMANR5L17PO838901B3210P1D1N002469.pdf	La France insoumise - NFP	Abaisse le seuil de dépenses R&D de 100 M€ à 20 M€ pour l’application du taux majoré du CIR et plafonne à 350 M€ par groupe au sens des art.223 A et 223 A bis; application 01/01/2027.	En traitement	11 octobre 2026 à 03 h 07	amendement	Séance
I-2471	https://www.assemblee-nationale.fr/dyn/opendata/AMANR5L17PO838901B3210P1D1N002471.pdf	La France insoumise - NFP	Modifie l'appréciation du seuil de 100 M€ du CIR au niveau du groupe (périmètre selon L.233‑3), applique le taux 30% au prorata des dépenses lorsque la somme dépasse 100 M€. Identique à l’amendement I-CF865.	En traitement	11 octobre 2026 à 03 h 07	amendement	Séance
I-2473	https://www.assemblee-nationale.fr/dyn/opendata/AMANR5L17PO838901B3210P1D1N002473.pdf	La France insoumise - NFP	Conditionne le bénéfice du crédit d'impôt prévu à l'art.244 quater B à l'engagement de ne pas transférer l'activité à l'étranger pendant 10 ans, sous peine de remboursement et pénalité progressive. Identique à l’amendement I-CF866.	En traitement	11 octobre 2026 à 03 h 07	amendement	Séance
I-2474	https://www.assemblee-nationale.fr/dyn/opendata/AMANR5L17PO838901B3210P1D1N002474.pdf	La France insoumise - NFP	Modifie l’art.244 quater B pour subordonner le bénéfice du CIR au maintien des dépenses de personnel R&D pendant 2 ans, faute de quoi l’État exige le remboursement du crédit et une pénalité équivalente.	En traitement	11 octobre 2026 à 03 h 07	amendement	Séance
I-2475	https://www.assemblee-nationale.fr/dyn/opendata/AMANR5L17PO838901B3210P1D1N002475.pdf	La France insoumise - NFP	Modifie pour subordonner le bénéfice du CIR au maintien des effectifs de recherche et prévoir le remboursement du crédit perçu en cas de suppression de ces postes.	En traitement	11 octobre 2026 à 03 h 07	amendement	Séance
I-2559	https://www.assemblee-nationale.fr/dyn/opendata/AMANR5L17PO838901B3210P1D1N002559.pdf	Horizons & Indépendants	Modifie le CIR: abaisse à 2 % le taux applicable à la fraction de dépenses de R&D supérieure à 100 M€ et bonifie à 35 % les dépenses contribuant aux objectifs environnementaux de la taxonomie ou au développement de technologies « zéro net ».	En traitement	11 octobre 2026 à 03 h 07	amendement	Séance
I-2734	https://www.assemblee-nationale.fr/dyn/opendata/AMANR5L17PO838901B3210P1D1N002734.pdf	Masséglia (Ensemble pour la République)	Proroge jusqu'au 31/12/2029 le crédit d'impôt « collection » (2027→2029), applicable aux sommes venant en déduction de l'impôt. Identique à l’amendement I-CF423.	En traitement	11 octobre 2026 à 03 h 07	amendement	Séance
I-2735	https://www.assemblee-nationale.fr/dyn/opendata/AMANR5L17PO838901B3210P1D1N002735.pdf	Masséglia (Ensemble pour la République)	Proroge le crédit d'impôt « collection » en repoussant sa date de 2027 à 2030; application limitée aux sommes venant en déduction de l’impôt dû. Identique à l’amendement I-CF424.	En traitement	11 octobre 2026 à 03 h 07	amendement	Séance
I-2884	https://www.assemblee-nationale.fr/dyn/opendata/AMANR5L17PO838901B3210P1D1N002884.pdf	Rassemblement National	Rembourse le montant du CIR perçu sur les 3 exercices précédents et prive du CIR 3 ans pour sociétés (et filiales/mère) délocalisant une partie ou la totalité de la R&D depuis 01/01/2024.	En traitement	11 octobre 2026 à 03 h 07	amendement	Séance
I-2923	https://www.assemblee-nationale.fr/dyn/opendata/AMANR5L17PO838901B3210P1D1N002923.pdf	Socialistes et apparentés	Crée une reprise du CIR lorsque l’activité de R&D est transférée hors du périmètre UE/EEE avec convention d’assistance, portant sur les crédits des 3 années précédant le transfert. Identique à l’amendement I-CF1800.	En traitement	11 octobre 2026 à 03 h 07	amendement	Séance
I-2963	https://www.assemblee-nationale.fr/dyn/opendata/AMANR5L17PO838901B3210P1D1N002963.pdf	UDR	Proroge le dispositif de 2027 à 2030 et porte à 800 000€ le plafond annuel pour les entreprises dont l'activité industrielle dépend prépondéramment du matériel et de l'outillage.	En traitement	11 octobre 2026 à 03 h 07	amendement	Séance
I-3188	https://www.assemblee-nationale.fr/dyn/opendata/AMANR5L17PO838901B3210P1D1N003188.pdf	LIOT	Supprime la majoration de l'impôt acquitté utilisée pour le calcul de la contribution différentielle sur les hauts revenus en retirant la prise en compte de certaines réductions et crédits d'impôt mentionnés à l'art.224. Identique à l’amendement I-CF1684.	En traitement	11 octobre 2026 à 03 h 07	amendement	Séance
I-3222	https://www.assemblee-nationale.fr/dyn/opendata/AMANR5L17PO838901B3210P1D1N003222.pdf	LIOT	Supprime la tranche à 5 % du taux du CIR pour la fraction supérieure des dépenses de recherche et clarifie la formulation du taux; application au 01/01/2027. Identique à l’amendement I-CF1700.	En traitement	11 octobre 2026 à 03 h 07	amendement	Séance
I-3467	https://www.assemblee-nationale.fr/dyn/opendata/AMANR5L17PO838901B3210P1D1N003467.pdf	La France insoumise - NFP	Exclut du CIR les dépenses de recherche visant l'intensification des productions animales (accroissement des densités, élevages sans accès au plein air, pratiques portant atteinte au bien‑être), exceptions maintenues.	En traitement	11 octobre 2026 à 03 h 07	amendement	Séance
I-3583	https://www.assemblee-nationale.fr/dyn/opendata/AMANR5L17PO838901B3210P1D1N003583.pdf	La France insoumise - NFP	Restreint le cumul CIR (244 quater B) et crédit industrie verte (244 quater I) pour entreprises >1 Md€ sauf engagement 10 ans sur R&D, production en France et effectifs; manquement = remboursement + intérêts (art.1727).	En traitement	11 octobre 2026 à 03 h 07	amendement	Séance
I-3658	https://www.assemblee-nationale.fr/dyn/opendata/AMANR5L17PO838901B3210P1D1N003658.pdf	Ensemble pour la République	Modifie le CIR : prend en compte à 230 % les dépenses relatives aux titulaires d’un doctorat pendant les 24 premiers mois suivant leur premier recrutement en CDI, si l’effectif R&D n’est pas inférieur à l’année précédente.	En traitement	11 octobre 2026 à 03 h 07	amendement	Séance
I-3659	https://www.assemblee-nationale.fr/dyn/opendata/AMANR5L17PO838901B3210P1D1N003659.pdf	Ensemble pour la République	Étend le crédit d’impôt innovation aux ETI et subordonne l’avantage lié aux dépenses ETI au respect du règlement (UE) 2023/2831 (applic. 01/01/2027). Identique à l’amendement I-CF1575.	En traitement	11 octobre 2026 à 03 h 07	amendement	Séance
I-3785	https://www.assemblee-nationale.fr/dyn/opendata/AMANR5L17PO838901B3210P1D1N003785.pdf	Les Démocrates	Exclut du crédit d'impôt recherche les établissements de crédit, sociétés de financement, entreprises d'investissement, sociétés de gestion, assurances, mutuelles, institutions de prévoyance, établissements de paiement/monnaie électronique et leurs entités contrôlées.	En traitement	11 octobre 2026 à 03 h 07	amendement	Séance
I-3837	https://www.assemblee-nationale.fr/dyn/opendata/AMANR5L17PO838901B3210P1D1N003837.pdf	Écologiste et Social	Crée un crédit d'impôt de 30 % (plafond 100 000 €/an) pour les PME pour dépenses d’intégration, formation, hébergement (5 ans) et déploiement d’IA open source. Identique à l’amendement I-CF1487.	En traitement	11 octobre 2026 à 03 h 07	amendement	Séance
I-3839	https://www.assemblee-nationale.fr/dyn/opendata/AMANR5L17PO838901B3210P1D1N003839.pdf	Écologiste et Social	Crée une contribution annuelle sur les systèmes d'IA assise sur les dépenses HT (taux 1 % sur la fraction >100 000 €), excluant les dépenses prises en compte au CI art. 244 quater B ; applicable aux exercices ouverts à compter du 01/01/2027.	En traitement	11 octobre 2026 à 03 h 07	amendement	Séance
I-3896	https://www.assemblee-nationale.fr/dyn/opendata/AMANR5L17PO838901B3210P1D1N003896.pdf	Socialistes et apparentés	Conditionne le bénéfice du crédit d'impôt (art.244 quater B) au maintien d'une activité et d'emplois sur le territoire ; en cas de fermeture d'établissement ou licenciement >1/3, suspend et exige le remboursement du crédit avec pénalité équivalente. Identique à l’amendement I-CF908.	En traitement	11 octobre 2026 à 03 h 07	amendement	Séance
I-3918	https://www.assemblee-nationale.fr/dyn/opendata/AMANR5L17PO838901B3210P1D1N003918.pdf	Gauche Démocrate et Républicaine	Supprime les réductions d’impôt et avantages énumérés au 2° du A du IV de l’article 224 limitant l’assiette de la contribution différentielle sur les hauts revenus; application aux revenus 2027.	En traitement	11 octobre 2026 à 03 h 07	amendement	Séance
I-3947	https://www.assemblee-nationale.fr/dyn/opendata/AMANR5L17PO838901B3210P1D1N003947.pdf	Gauche Démocrate et Républicaine	Restreint l'éligibilité au CIR en excluant les entreprises ayant rompu, de leur initiative, le contrat d'un chercheur ou technicien R&D dans les 12 mois précédant la déclaration. Identique à l’amendement I-CF1835.	En traitement	11 octobre 2026 à 03 h 07	amendement	Séance
I-3948	https://www.assemblee-nationale.fr/dyn/opendata/AMANR5L17PO838901B3210P1D1N003948.pdf	Gauche Démocrate et Républicaine	Abaisse le plafond prévu à l'art. 244 quater B de 100 M€ à 50 M€; s'applique aux dépenses exposées à compter du 1er janv. 2027. Identique à l’amendement I-CF1836.	En traitement	11 octobre 2026 à 03 h 07	amendement	Séance
I-3949	https://www.assemblee-nationale.fr/dyn/opendata/AMANR5L17PO838901B3210P1D1N003949.pdf	Gauche Démocrate et Républicaine	Modifie le calcul du plafond du CIR de 100 M€ pour l’apprécier au niveau du groupe, en additionnant les dépenses R&D des sociétés détenues ≥50 %, applicable aux dépenses exposées dès 01/01/2027. Identique à l’amendement I-CF1837.	En traitement	11 octobre 2026 à 03 h 07	amendement	Séance
